Bus_Route_Name,Route_Link
Kolkata to Siliguri,https://www.redbus.in/bus-tickets/kolkata-to-siliguri
Siliguri to Kolkata,https://www.redbus.in/bus-tickets/siliguri-to-kolkata
Siliguri to Darjeeling,https://www.redbus.in/bus-tickets/siliguri-to-darjeeling
Kolkata to Raiganj,https://www.redbus.in/bus-tickets/kolkata-to-raiganj
Raiganj to Kolkata,https://www.redbus.in/bus-tickets/raiganj-to-kolkata
Kolkata to Malda,https://www.redbus.in/bus-tickets/kolkata-to-malda
Cooch Behar (West Bengal) to Berhampore (West Bengal),https://www.redbus.in/bus-tickets/cooch-behar-west-bengal-to-berhampore
Kolkata to Cooch Behar (West Bengal),https://www.redbus.in/bus-tickets/kolkata-to-cooch-behar-west-bengal
Malda to Kolkata,https://www.redbus.in/bus-tickets/malda-to-kolkata
Berhampore (West Bengal) to Cooch Behar (West Bengal),https://www.redbus.in/bus-tickets/berhampore-to-cooch-behar-west-bengal
Cooch Behar (West Bengal) to Kolkata,https://www.redbus.in/bus-tickets/cooch-behar-west-bengal-to-kolkata
Kolkata to Balurghat,https://www.redbus.in/bus-tickets/kolkata-to-balurghat
Berhampore (West Bengal) to Siliguri,https://www.redbus.in/bus-tickets/berhampore-to-siliguri
Siliguri to Berhampore (West Bengal),https://www.redbus.in/bus-tickets/siliguri-to-berhampore
Kolkata to Gangarampur,https://www.redbus.in/bus-tickets/kolkata-to-gangarampur
Siliguri to Kalimpong,https://www.redbus.in/bus-tickets/siliguri-to-kalimpong
Cooch Behar (West Bengal) to Malda,https://www.redbus.in/bus-tickets/cooch-behar-west-bengal-to-malda
Malda to Cooch Behar (West Bengal),https://www.redbus.in/bus-tickets/malda-to-cooch-behar-west-bengal
Balurghat to Kolkata,https://www.redbus.in/bus-tickets/balurghat-to-kolkata
Kolkata to Jalpaiguri,https://www.redbus.in/bus-tickets/kolkata-to-jalpaiguri
Kolkata to Islampur (West Bengal),https://www.redbus.in/bus-tickets/kolkata-to-islampur-west-bengal
Falakata (west bengal) to Berhampore (West Bengal),https://www.redbus.in/bus-tickets/falakata-to-berhampore
Kolkata to Falakata (west bengal),https://www.redbus.in/bus-tickets/kolkata-to-falakata
Cooch Behar (West Bengal) to Raiganj,https://www.redbus.in/bus-tickets/cooch-behar-west-bengal-to-raiganj
Siliguri to Cooch Behar (West Bengal),https://www.redbus.in/bus-tickets/siliguri-to-cooch-behar-west-bengal
Raiganj to Krishnanagar (West Bengal),https://www.redbus.in/bus-tickets/raiganj-to-krishnanagar
Raiganj to Siliguri,https://www.redbus.in/bus-tickets/raiganj-to-siliguri
Kolkata to Buniadpur,https://www.redbus.in/bus-tickets/kolkata-to-buniadpur
Gangarampur to Kolkata,https://www.redbus.in/bus-tickets/gangarampur-to-kolkata
Siliguri to Ranaghat,https://www.redbus.in/bus-tickets/siliguri-to-ranaghat
Siliguri to Krishnanagar (West Bengal),https://www.redbus.in/bus-tickets/siliguri-to-krishnanagar
Falakata (west bengal) to Kolkata,https://www.redbus.in/bus-tickets/falakata-to-kolkata
Kolkata to Farakka,https://www.redbus.in/bus-tickets/kolkata-to-farakka
Siliguri to Raiganj,https://www.redbus.in/bus-tickets/siliguri-to-raiganj
Kolkata to Dhupguri (West Bengal),https://www.redbus.in/bus-tickets/kolkata-to-dhupguri-west-bengal
Falakata (west bengal) to Malda,https://www.redbus.in/bus-tickets/falakata-to-malda
Kolkata to Gazole,https://www.redbus.in/bus-tickets/kolkata-to-gazole
Berhampore (West Bengal) to Falakata (west bengal),https://www.redbus.in/bus-tickets/berhampore-to-falakata
Balurghat to Siliguri,https://www.redbus.in/bus-tickets/balurghat-to-siliguri
Siliguri to Barasat (West Bengal),https://www.redbus.in/bus-tickets/siliguri-to-barasat-west-bengal
Kolkata to Maynaguri (West Bengal),https://www.redbus.in/bus-tickets/kolkata-to-maynaguri-west-bengal
Kolkata to Itahar (West Bengal),https://www.redbus.in/bus-tickets/kolkata-to-itahar-west-bengal
Cooch Behar (West Bengal) to Krishnanagar (West Bengal),https://www.redbus.in/bus-tickets/cooch-behar-west-bengal-to-krishnanagar
Cooch Behar (West Bengal) to Omarpur (West Bengal),https://www.redbus.in/bus-tickets/cooch-behar-west-bengal-to-omarpur-west-bengal
Berhampore (West Bengal) to Jalpaiguri,https://www.redbus.in/bus-tickets/berhampore-to-jalpaiguri
Malda to Siliguri,https://www.redbus.in/bus-tickets/malda-to-siliguri
Raiganj to Ranaghat,https://www.redbus.in/bus-tickets/raiganj-to-ranaghat
Cooch Behar (West Bengal) to Farakka,https://www.redbus.in/bus-tickets/cooch-behar-west-bengal-to-farakka
Cooch Behar (West Bengal) to Siliguri,https://www.redbus.in/bus-tickets/cooch-behar-west-bengal-to-siliguri
